product_id,product_name,category,price,cost
1,Centralized secondary application,Books,379.9,179.3
2,Implemented upward-trending concept,Clothing,915.3,540.62
3,Secured full-range implementation,Electronics,867.04,672.59
4,Adaptive content-based algorithm,Books,374.83,263.8
5,Versatile clear-thinking policy,Books,887.21,567.07
6,Exclusive systemic ability,Home,494.99,297.63
7,Reduced global middleware,Beauty,23.94,14.94
8,Pre-emptive secondary contingency,Beauty,435.03,219.29
9,Assimilated composite algorithm,Books,185.27,74.72
10,Visionary local help-desk,Electronics,738.72,377.95
11,Distributed actuating adapter,Beauty,583.59,296.52
12,Team-oriented context-sensitive Graphic Interface,Clothing,509.59,382.77
13,Multi-channeled hybrid policy,Electronics,896.16,702.37
14,Extended attitude-oriented migration,Sports,216.03,111.6
15,Optional 24hour Internet solution,Beauty,567.08,435.96
16,Triple-buffered cohesive definition,Clothing,149.36,77.64
17,Sharable zero tolerance budgetary management,Clothing,626.93,406.09
18,Future-proofed disintermediate moderator,Clothing,239.81,98.36
19,Polarized executive framework,Electronics,646.32,467.91
20,Focused modular encryption,Sports,465.6,272.99
21,Adaptive grid-enabled emulation,Books,516.91,305.42
22,Multi-channeled reciprocal instruction set,Beauty,453.15,276.74
23,De-engineered mobile installation,Electronics,323.55,223.61
24,Front-line 24/7 alliance,Home,130.25,64.08
25,User-centric optimizing matrix,Sports,156.65,77.9
26,Multi-tiered well-modulated emulation,Books,878.6,528.42
27,Visionary scalable contingency,Clothing,895.11,712.64
28,Inverse client-driven knowledgebase,Beauty,200.25,104.43
29,Switchable dynamic portal,Books,983.12,642.19
30,Organic human-resource matrix,Electronics,582.51,444.76
31,Visionary empowering neural-net,Books,30.96,20.51
32,Reactive background emulation,Beauty,502.05,284.38
33,Reduced bandwidth-monitored focus group,Electronics,26.74,15.15
34,Digitized 24/7 emulation,Electronics,759.72,501.49
35,Proactive high-level time-frame,Books,319.36,189.93
36,Object-based reciprocal function,Books,978.79,541.4
37,Cloned fault-tolerant encryption,Electronics,593.23,309.09
38,Cloned exuding algorithm,Home,276.09,217.79
39,Customer-focused disintermediate parallelism,Sports,621.38,349.96
40,Progressive next generation leverage,Books,219.17,107.18
41,Total next generation function,Electronics,268.59,179.98
42,Diverse reciprocal hub,Beauty,636.98,321.77
43,Front-line tertiary time-frame,Clothing,45.39,29.5
44,Exclusive uniform Local Area Network,Electronics,260.04,114.68
45,Customer-focused multimedia parallelism,Sports,616.47,432.58
46,Function-based web-enabled contingency,Electronics,30.31,20.4
47,Public-key executive access,Clothing,647.09,277.72
48,Public-key tangible product,Home,822.91,607.89
49,Public-key well-modulated time-frame,Books,604.73,347.07
50,Profit-focused high-level installation,Electronics,208.76,120.26
51,Synergistic directional middleware,Books,132.07,53.59
52,Advanced contextually-based protocol,Books,128.04,85.97
53,Quality-focused zero-defect groupware,Home,74.55,38.41
54,Distributed asymmetric collaboration,Sports,915.88,512.01
55,Virtual actuating application,Beauty,628.67,476.31
56,Horizontal secondary array,Electronics,889.31,656.34
57,Open-architected encompassing neural-net,Sports,485.45,248.59
58,Total high-level strategy,Books,62.59,35.48
59,Cross-group holistic help-desk,Clothing,236.83,180.12
60,Re-contextualized impactful firmware,Books,835.58,605.12
61,Quality-focused mission-critical alliance,Clothing,829.78,461.91
62,Ergonomic client-driven capability,Electronics,916.32,519.9
63,Programmable maximized access,Beauty,351.12,205.31
64,Front-line reciprocal hierarchy,Electronics,30.98,18.75
65,Upgradable 6thgeneration success,Clothing,249.99,106.48
66,Synchronized neutral toolset,Home,765.03,449.63
67,Reactive neutral model,Home,445.26,299.09
68,Grass-roots composite utilization,Books,475.8,237.98
69,Focused static hierarchy,Books,892.14,409.5
70,Secured empowering access,Electronics,105.58,47.99
71,Devolved upward-trending website,Electronics,634.1,258.35
72,Cloned incremental orchestration,Sports,889.76,686.64
73,Quality-focused system-worthy analyzer,Sports,720.26,480.32
74,Optimized neutral architecture,Home,252.39,153.58
75,Focused global product,Books,180.38,133.56
76,Networked demand-driven software,Books,433.13,208.8
77,Universal human-resource circuit,Sports,790.67,515.31
78,Digitized encompassing software,Beauty,976.22,656.38
79,Horizontal intermediate throughput,Beauty,898.27,684.97
80,Enterprise-wide interactive groupware,Beauty,786.22,472.46
81,Multi-lateral incremental capability,Sports,174.65,76.23
82,Multi-lateral static matrix,Clothing,682.16,337.88
83,Switchable local capacity,Beauty,876.37,571.73
84,Focused global protocol,Electronics,478.25,342.5
85,Monitored attitude-oriented matrices,Books,201.8,111.36
86,De-engineered maximized focus group,Clothing,388.97,256.36
87,Team-oriented neutral frame,Books,457.22,289.08
88,Persevering radical software,Home,775.36,440.12
89,Enterprise-wide maximized analyzer,Books,26.75,13.63
90,Multi-channeled optimal policy,Clothing,510.98,269.42
91,Fundamental even-keeled implementation,Electronics,274.04,127.16
92,Cross-platform local definition,Sports,789.45,580.73
93,Intuitive directional initiative,Sports,932.11,467.14
94,Centralized intangible strategy,Home,50.08,38.51
95,Profit-focused executive frame,Beauty,669.61,402.14
96,Proactive upward-trending software,Clothing,874.65,444.69
97,Adaptive interactive success,Electronics,311.2,213.29
98,Total mobile function,Books,926.95,386.34
99,Adaptive real-time support,Electronics,476.37,200.84
100,Cloned systemic complexity,Beauty,366.72,203.04
101,Networked 4thgeneration collaboration,Sports,438.01,301.18
102,Sharable motivating knowledgebase,Books,501.8,297.11
103,Sharable actuating adapter,Home,627.5,402.54
104,Up-sized local system engine,Home,802.41,640.97
105,Cloned bi-directional algorithm,Home,461.31,337.48
106,Optimized explicit migration,Electronics,117.91,80.8
107,Business-focused well-modulated circuit,Books,172.39,111.65
108,Vision-oriented content-based circuit,Clothing,152.25,100.95
109,Multi-channeled systematic system engine,Books,884.29,478.94
110,Profound hybrid open system,Books,822.7,508.16
111,Secured responsive migration,Beauty,162.82,120.2
112,Ameliorated analyzing time-frame,Clothing,912.12,499.11
113,Quality-focused national attitude,Sports,86.86,59.91
114,Horizontal multi-tasking framework,Books,908.95,365.16
115,Quality-focused scalable portal,Books,648.87,512.97
116,Integrated human-resource software,Sports,288.45,137.63
117,Managed empowering archive,Clothing,395.47,225.75
118,Total asymmetric contingency,Sports,559.15,381.47
119,Grass-roots transitional conglomeration,Beauty,198.9,143.25
120,Digitized radical installation,Electronics,261.26,186.7
121,Centralized interactive throughput,Home,974.14,551.0
122,Secured attitude-oriented encryption,Books,240.4,180.06
123,Realigned contextually-based toolset,Home,714.94,387.16
124,Upgradable bottom-line leverage,Clothing,340.28,158.76
125,Universal cohesive support,Home,788.5,630.26
126,Visionary regional functionalities,Beauty,782.72,439.09
127,Digitized system-worthy archive,Electronics,742.11,339.01
128,Realigned incremental Internet solution,Electronics,707.75,406.14
129,Organic multi-state circuit,Home,493.21,198.87
130,Extended stable paradigm,Books,497.16,238.89
131,Open-source mission-critical Graphic Interface,Beauty,291.83,212.58
132,Optional uniform knowledgebase,Clothing,441.15,286.33
133,Open-source tertiary hub,Beauty,656.23,303.63
134,Reduced explicit software,Beauty,744.1,561.87
135,Realigned hybrid definition,Electronics,958.09,384.06
136,Organized next generation leverage,Electronics,386.44,208.09
137,Stand-alone stable moderator,Books,344.9,155.14
138,Monitored full-range parallelism,Beauty,970.89,583.79
139,Up-sized leadingedge budgetary management,Clothing,470.14,299.29
140,Configurable zero administration model,Home,636.67,385.33
141,Secured mission-critical solution,Books,815.88,342.55
142,De-engineered executive structure,Home,856.54,429.72
143,Programmable bifurcated moderator,Sports,863.46,352.03
144,Upgradable leadingedge adapter,Sports,826.96,653.5
145,Optional dedicated data-warehouse,Sports,869.64,520.79
146,Polarized responsive monitoring,Sports,811.25,501.47
147,Persevering empowering intranet,Home,60.69,32.36
148,Distributed tertiary installation,Electronics,405.96,319.77
149,Visionary zero-defect intranet,Clothing,612.6,292.99
150,Up-sized didactic concept,Home,973.25,494.13
151,Networked value-added model,Home,594.68,279.92
152,Customizable discrete instruction set,Books,866.34,675.86
153,Cloned global protocol,Books,81.7,63.33
154,Upgradable reciprocal definition,Home,827.41,457.65
155,Open-architected fault-tolerant application,Books,165.7,103.35
156,Polarized system-worthy infrastructure,Beauty,195.54,115.74
157,Devolved 6thgeneration standardization,Sports,748.28,533.06
158,Self-enabling context-sensitive service-desk,Books,842.05,588.33
159,Public-key coherent structure,Books,848.45,623.69
160,Assimilated mission-critical function,Sports,161.22,128.94
161,Self-enabling optimizing Graphic Interface,Sports,673.65,514.1
162,Triple-buffered reciprocal installation,Clothing,369.56,221.84
163,Enterprise-wide user-facing focus group,Sports,461.39,312.59
164,Cross-group secondary encryption,Beauty,761.97,601.3
165,Vision-oriented client-server focus group,Clothing,273.99,137.59
166,Mandatory radical superstructure,Beauty,617.39,364.5
167,Customer-focused uniform capacity,Home,993.84,636.13
168,Front-line systematic archive,Electronics,291.22,154.61
169,Horizontal stable software,Beauty,296.84,148.63
170,Configurable encompassing concept,Electronics,376.62,175.99
171,Configurable grid-enabled model,Sports,430.38,262.57
172,Digitized global extranet,Beauty,974.29,660.97
173,Vision-oriented global support,Electronics,942.72,416.03
174,Vision-oriented systemic website,Beauty,61.57,38.72
175,Decentralized eco-centric definition,Electronics,854.48,386.98
176,Integrated didactic moratorium,Clothing,716.78,547.72
177,Digitized grid-enabled approach,Clothing,333.47,198.38
178,Centralized multi-tasking superstructure,Clothing,361.88,252.99
179,Multi-tiered systematic portal,Clothing,259.81,112.48
180,Visionary optimizing capacity,Home,610.46,448.3
181,Automated grid-enabled architecture,Sports,816.41,431.67
182,Centralized content-based extranet,Books,254.01,182.55
183,Team-oriented zero-defect archive,Clothing,604.14,389.59
184,Multi-lateral optimizing framework,Home,174.88,111.23
185,Versatile regional time-frame,Clothing,305.06,218.39
186,Switchable well-modulated challenge,Beauty,223.07,155.18
187,Universal needs-based core,Books,324.83,229.53
188,Horizontal optimal forecast,Beauty,722.02,436.93
189,Distributed multi-state encryption,Electronics,715.9,445.59
190,Multi-channeled client-driven intranet,Electronics,333.71,237.64
191,Centralized intangible access,Sports,336.81,218.29
192,Organized mission-critical project,Books,548.76,268.65
193,Upgradable solution-oriented archive,Beauty,941.85,750.51
194,Grass-roots radical matrices,Sports,98.72,55.79
195,Object-based explicit circuit,Clothing,766.6,443.24
196,Focused hybrid pricing structure,Beauty,716.93,295.6
197,Customer-focused modular project,Beauty,750.91,556.72
198,Balanced disintermediate time-frame,Sports,404.17,258.16
199,De-engineered fault-tolerant conglomeration,Electronics,433.56,173.97
200,Enterprise-wide discrete forecast,Sports,959.98,698.68
201,Cloned logistical projection,Books,827.05,387.34
202,Persevering optimizing structure,Home,318.01,179.29
203,Visionary coherent task-force,Electronics,953.54,494.51
204,Team-oriented value-added artificial intelligence,Beauty,167.69,94.03
205,Synergistic bi-directional knowledgebase,Clothing,579.96,382.66
206,Centralized 5thgeneration hierarchy,Clothing,82.32,56.31
207,Diverse executive functionalities,Home,29.82,13.33
208,Secured hybrid access,Home,958.67,744.29
209,Secured 4thgeneration attitude,Electronics,525.94,358.71
210,Diverse web-enabled leverage,Sports,851.8,657.09
211,Decentralized mission-critical concept,Home,594.4,319.41
212,Automated non-volatile service-desk,Home,465.25,252.03
213,Public-key executive adapter,Beauty,906.89,525.73
214,Diverse leadingedge time-frame,Books,656.29,295.95
215,Automated secondary orchestration,Electronics,825.49,455.29
216,Future-proofed dedicated array,Home,895.44,556.55
217,Monitored composite budgetary management,Home,534.48,248.22
218,Cross-group web-enabled utilization,Clothing,327.81,236.37
219,Robust web-enabled process improvement,Beauty,148.13,92.62
220,Pre-emptive bottom-line leverage,Home,597.75,299.84
221,Programmable intangible success,Clothing,861.13,459.75
222,Enterprise-wide grid-enabled projection,Books,192.03,83.81
223,Open-architected system-worthy array,Sports,479.18,232.04
224,Multi-layered incremental encoding,Electronics,949.36,725.79
225,Optimized next generation moratorium,Home,409.72,232.29
226,Open-architected encompassing secured line,Beauty,963.23,673.61
227,Networked scalable secured line,Sports,870.07,658.07
228,Mandatory secondary adapter,Electronics,263.84,142.29
229,Horizontal well-modulated Graphic Interface,Books,395.65,221.12
230,Multi-tiered object-oriented info-mediaries,Books,220.06,99.87
231,Adaptive zero administration synergy,Books,181.06,72.89
232,Operative cohesive model,Books,118.69,93.16
233,Monitored discrete info-mediaries,Beauty,657.07,400.87
234,Versatile responsive protocol,Home,216.24,136.59
235,Up-sized mobile function,Sports,621.12,324.07
236,Robust composite open architecture,Books,685.67,537.41
237,Self-enabling asymmetric moderator,Clothing,449.51,308.77
238,Phased asynchronous workforce,Clothing,766.97,482.23
239,Virtual asynchronous solution,Electronics,895.36,696.63
240,Exclusive tertiary installation,Home,222.31,150.06
241,Focused grid-enabled throughput,Electronics,475.59,379.06
242,Horizontal content-based capability,Home,682.6,371.96
243,Focused dynamic capability,Electronics,325.42,204.25
244,Cross-group system-worthy circuit,Books,388.54,183.52
245,Synergized mobile synergy,Home,545.53,377.65
246,Business-focused intermediate success,Home,834.2,349.69
247,Horizontal foreground function,Home,883.23,604.88
248,Polarized multi-tasking utilization,Home,428.46,213.42
249,Expanded object-oriented synergy,Electronics,707.54,343.87
250,Streamlined non-volatile adapter,Books,212.55,103.96
251,Grass-roots optimal leverage,Books,751.08,563.32
252,Robust transitional array,Beauty,618.02,364.86
253,Ameliorated disintermediate analyzer,Beauty,954.8,735.06
254,Upgradable demand-driven definition,Home,112.97,65.79
255,Phased optimizing portal,Home,80.49,42.13
256,Customizable impactful archive,Books,991.97,423.91
257,Profound full-range structure,Beauty,955.55,692.24
258,Adaptive cohesive pricing structure,Books,879.73,363.31
259,Persistent impactful intranet,Beauty,747.11,409.63
260,Business-focused zero-defect interface,Home,192.52,80.84
261,Function-based executive ability,Beauty,271.04,118.85
262,Right-sized demand-driven task-force,Beauty,593.32,365.03
263,Assimilated tangible system engine,Home,665.56,413.98
264,Intuitive mission-critical intranet,Beauty,294.34,133.78
265,Optimized transitional projection,Beauty,898.9,486.53
266,Cross-group explicit access,Books,950.68,384.51
267,Networked optimal support,Beauty,249.9,132.85
268,Distributed hybrid adapter,Books,103.92,78.47
269,Balanced grid-enabled forecast,Home,696.82,324.87
270,Distributed next generation instruction set,Electronics,734.04,345.6
271,Extended grid-enabled matrix,Electronics,637.66,261.44
272,Grass-roots 5thgeneration open architecture,Clothing,607.84,437.29
273,Profit-focused stable Graphical User Interface,Sports,858.0,609.58
274,Customer-focused leadingedge function,Clothing,491.55,293.37
275,Fundamental exuding frame,Clothing,400.0,284.35
276,Compatible dynamic task-force,Sports,236.7,156.83
277,Progressive needs-based capacity,Books,28.27,21.12
278,Intuitive needs-based projection,Electronics,456.57,230.38
279,Enterprise-wide uniform encryption,Home,725.42,452.01
280,Vision-oriented stable hardware,Electronics,654.82,459.02
281,Mandatory client-server infrastructure,Sports,40.3,28.22
282,Focused logistical database,Electronics,345.7,164.0
283,Fully-configurable national throughput,Electronics,935.19,637.81
284,Centralized human-resource task-force,Clothing,234.6,118.29
285,Cross-platform modular matrices,Sports,649.33,351.56
286,Secured radical migration,Clothing,487.63,390.03
287,Re-contextualized 6thgeneration forecast,Sports,500.78,287.19
288,Virtual demand-driven monitoring,Beauty,210.25,106.81
289,Team-oriented background application,Sports,671.26,469.59
290,Advanced hybrid data-warehouse,Home,796.22,475.77
291,Customer-focused 24hour functionalities,Sports,319.0,244.61
292,Right-sized responsive support,Electronics,709.7,473.89
293,Visionary heuristic algorithm,Electronics,636.27,256.75
294,Persistent zero tolerance initiative,Beauty,718.97,433.99
295,Decentralized eco-centric ability,Sports,438.92,299.74
296,Synchronized empowering migration,Home,674.95,362.01
297,Optimized motivating Local Area Network,Books,414.4,292.34
298,Customizable stable Internet solution,Home,105.98,59.81
299,Right-sized analyzing matrices,Clothing,530.43,412.11
300,Front-line directional open architecture,Home,986.45,419.8
301,Digitized bi-directional approach,Beauty,174.33,107.34
302,Right-sized contextually-based application,Clothing,778.82,547.51
303,Balanced regional benchmark,Beauty,126.8,63.63
304,Customizable even-keeled portal,Clothing,949.38,438.96
305,Up-sized multi-tasking portal,Books,725.03,483.3
306,Devolved bifurcated software,Clothing,143.37,112.09
307,Multi-tiered next generation hardware,Home,137.29,82.72
308,Ameliorated object-oriented migration,Clothing,35.38,16.76
309,Robust even-keeled Local Area Network,Clothing,115.38,56.72
310,Secured content-based pricing structure,Clothing,130.41,102.33
311,Programmable secondary definition,Beauty,553.46,231.07
312,Synchronized human-resource extranet,Beauty,571.28,377.25
313,Object-based real-time access,Home,480.49,269.4
314,Self-enabling intangible productivity,Electronics,801.08,413.86
315,Customizable 24/7 pricing structure,Books,137.52,62.29
316,Optimized 5thgeneration definition,Home,680.23,527.27
317,Focused multi-state superstructure,Home,63.09,37.68
318,Distributed zero-defect task-force,Clothing,858.75,616.1
319,Digitized systemic database,Clothing,287.78,127.16
320,Reactive responsive strategy,Books,765.87,555.74
321,Down-sized contextually-based encoding,Home,610.05,356.35
322,Multi-layered didactic knowledgebase,Electronics,124.86,71.54
323,Intuitive fresh-thinking service-desk,Home,818.6,340.11
324,Proactive client-driven Local Area Network,Beauty,755.97,558.21
325,Team-oriented 5thgeneration groupware,Home,477.48,309.82
326,Seamless clear-thinking system engine,Books,589.37,411.22
327,Sharable foreground algorithm,Clothing,742.19,430.39
328,Streamlined asymmetric moratorium,Beauty,548.32,430.32
329,Self-enabling national intranet,Home,90.61,39.17
330,Distributed 6thgeneration installation,Books,393.42,238.2
331,Seamless impactful hierarchy,Clothing,697.6,458.98
332,Visionary leadingedge methodology,Sports,242.1,104.58
333,Open-architected mobile superstructure,Beauty,856.93,579.51
334,Visionary maximized moratorium,Books,844.36,389.38
335,Profit-focused methodical capability,Home,75.51,34.07
336,Ergonomic 24/7 migration,Electronics,319.28,196.45
337,Self-enabling eco-centric middleware,Books,794.25,511.1
338,Expanded real-time methodology,Books,417.66,275.25
339,De-engineered 24hour analyzer,Sports,930.13,457.62
340,Object-based tertiary interface,Beauty,15.66,11.32
341,Extended clear-thinking process improvement,Beauty,300.98,223.81
342,Managed interactive migration,Home,85.96,36.45
343,Re-contextualized needs-based implementation,Books,90.68,46.24
344,Multi-channeled leadingedge function,Beauty,719.63,483.17
345,Profit-focused zero administration parallelism,Sports,19.97,11.3
346,Virtual zero-defect encryption,Home,115.65,83.5
347,Open-architected maximized productivity,Books,237.79,177.26
348,Ameliorated intermediate synergy,Clothing,377.8,214.72
349,Cloned non-volatile standardization,Home,969.56,738.58
350,User-friendly modular help-desk,Home,206.12,122.08
351,Advanced 24hour data-warehouse,Sports,12.93,8.59
352,Progressive asynchronous workforce,Home,317.93,243.12
353,Up-sized exuding project,Clothing,949.68,401.96
354,Centralized eco-centric database,Clothing,929.83,743.74
355,Realigned needs-based ability,Books,179.81,111.26
356,Cross-group heuristic database,Electronics,195.28,146.45
357,Cloned heuristic ability,Clothing,860.16,400.03
358,Advanced web-enabled hierarchy,Home,413.66,306.6
359,Team-oriented national database,Clothing,321.91,224.59
360,Multi-layered static core,Clothing,898.08,679.47
361,Innovative system-worthy moratorium,Home,174.22,133.3
362,Inverse solution-oriented open architecture,Books,101.63,48.56
363,Implemented zero tolerance contingency,Beauty,396.81,224.05
364,Managed full-range infrastructure,Books,167.17,116.36
365,Cloned even-keeled architecture,Beauty,453.65,341.84
366,User-centric leadingedge model,Beauty,323.79,203.25
367,Innovative didactic website,Electronics,695.69,434.42
368,Organized human-resource algorithm,Home,307.22,159.74
369,Cross-platform zero-defect model,Books,221.7,100.27
370,User-friendly dedicated contingency,Electronics,575.65,386.47
371,Vision-oriented heuristic matrices,Clothing,663.93,448.54
372,Synergistic object-oriented migration,Electronics,183.2,137.06
373,Decentralized tangible info-mediaries,Clothing,365.85,248.58
374,Right-sized heuristic standardization,Beauty,264.61,168.09
375,Synchronized web-enabled emulation,Electronics,918.34,584.52
376,Stand-alone high-level collaboration,Clothing,321.64,250.71
377,Fundamental systematic success,Clothing,645.08,432.43
378,Open-source well-modulated parallelism,Clothing,993.7,601.26
379,Ergonomic web-enabled software,Home,678.99,378.95
380,Optimized actuating firmware,Sports,471.64,362.99
381,Virtual transitional contingency,Home,673.71,277.85
382,Inverse object-oriented paradigm,Books,896.44,683.76
383,Ameliorated empowering support,Sports,489.63,202.51
384,Synergized systematic strategy,Electronics,844.03,369.16
385,Adaptive asymmetric pricing structure,Books,709.75,361.38
386,Front-line object-oriented utilization,Sports,12.43,7.05
387,Intuitive upward-trending workforce,Sports,94.77,73.74
388,Realigned object-oriented migration,Books,612.42,471.35
389,Configurable tertiary synergy,Clothing,777.56,586.95
390,Profound upward-trending frame,Sports,266.63,182.63
391,Front-line transitional contingency,Electronics,374.69,196.51
392,Grass-roots fault-tolerant toolset,Beauty,495.45,278.71
393,Multi-lateral modular structure,Home,175.17,122.58
394,Integrated discrete function,Sports,543.95,392.14
395,Streamlined contextually-based functionalities,Home,988.32,572.97
396,Reverse-engineered heuristic product,Sports,428.07,234.97
397,Compatible cohesive collaboration,Electronics,117.07,59.56
398,Realigned impactful task-force,Sports,723.46,477.83
399,Reduced full-range circuit,Sports,229.2,122.37
400,Reduced well-modulated structure,Clothing,514.2,319.22
401,Face-to-face user-facing success,Books,363.8,199.11
402,Self-enabling motivating complexity,Beauty,55.09,39.56
403,Customer-focused actuating Internet solution,Clothing,23.14,11.79
404,Distributed national implementation,Clothing,140.01,59.43
405,Reactive grid-enabled challenge,Beauty,164.36,99.03
406,Cross-platform systemic analyzer,Beauty,387.08,215.53
407,Balanced tertiary knowledgebase,Home,905.88,400.49
408,Face-to-face global policy,Electronics,771.26,602.45
409,Automated asynchronous customer loyalty,Sports,796.61,468.6
410,Enterprise-wide upward-trending productivity,Clothing,219.29,171.75
411,Multi-channeled maximized adapter,Sports,592.64,410.43
412,Stand-alone well-modulated framework,Beauty,989.44,424.25
413,Horizontal attitude-oriented utilization,Electronics,55.58,43.78
414,Fundamental multimedia circuit,Sports,325.49,232.96
415,Distributed even-keeled system engine,Home,537.01,407.65
416,Expanded 3rdgeneration contingency,Clothing,524.25,253.63
417,Mandatory reciprocal Graphic Interface,Sports,40.09,22.83
418,Profit-focused multi-state open architecture,Books,180.72,101.44
419,Multi-lateral fresh-thinking intranet,Sports,936.19,538.98
420,Expanded radical definition,Books,748.62,410.56
421,Robust mobile flexibility,Sports,637.89,481.96
422,Down-sized scalable initiative,Electronics,645.18,361.08
423,Adaptive needs-based help-desk,Beauty,453.46,255.85
424,Multi-channeled 6thgeneration challenge,Clothing,867.47,459.4
425,Switchable hybrid complexity,Beauty,682.09,377.15
426,Virtual holistic utilization,Home,452.52,343.91
427,Reverse-engineered reciprocal budgetary management,Home,691.29,493.89
428,Future-proofed well-modulated service-desk,Books,130.34,63.41
429,Virtual disintermediate throughput,Sports,773.77,501.41
430,Intuitive didactic utilization,Electronics,155.88,83.97
431,Re-engineered high-level policy,Electronics,863.78,353.22
432,Intuitive incremental portal,Books,613.41,351.74
433,Decentralized maximized complexity,Sports,247.2,192.13
434,Advanced methodical approach,Sports,187.84,147.2
435,Fully-configurable intermediate standardization,Beauty,81.16,59.56
436,Pre-emptive regional open architecture,Beauty,764.19,468.89
437,Profit-focused radical toolset,Sports,71.06,30.27
438,Expanded methodical core,Home,629.67,464.28
439,Networked directional application,Books,720.83,488.28
440,Cross-platform grid-enabled projection,Books,941.0,516.54
441,Enterprise-wide methodical matrices,Sports,287.25,134.97
442,Exclusive maximized forecast,Electronics,332.15,217.07
443,Universal needs-based utilization,Home,573.38,383.32
444,Cross-group bottom-line monitoring,Beauty,990.29,760.11
445,Innovative even-keeled moratorium,Home,688.85,442.96
446,Proactive national paradigm,Books,161.92,105.03
447,Ameliorated heuristic collaboration,Beauty,136.95,85.95
448,Re-engineered bandwidth-monitored moratorium,Sports,742.12,441.73
449,Horizontal explicit application,Books,941.73,610.6
450,Re-contextualized 3rdgeneration approach,Electronics,821.29,576.66
451,Down-sized global workforce,Beauty,902.64,641.47
452,Inverse multi-state knowledgebase,Books,236.05,130.66
453,Profound coherent Graphic Interface,Books,150.13,62.36
454,Persistent dedicated budgetary management,Sports,282.3,141.01
455,Extended 3rdgeneration conglomeration,Sports,437.9,250.03
456,Diverse 4thgeneration emulation,Clothing,932.51,397.48
457,Organized well-modulated encryption,Home,407.43,243.41
458,Self-enabling grid-enabled framework,Beauty,699.58,362.86
459,Balanced zero tolerance hierarchy,Beauty,843.56,427.54
460,Sharable discrete customer loyalty,Home,445.74,231.5
461,Synergized systemic extranet,Sports,661.02,430.39
462,Vision-oriented 24hour website,Sports,194.88,119.2
463,Cross-platform intangible focus group,Home,877.44,586.47
464,Synergized logistical moratorium,Beauty,29.13,21.84
465,Upgradable high-level secured line,Clothing,179.3,119.66
466,Centralized tertiary instruction set,Beauty,235.9,139.12
467,Automated regional success,Beauty,357.63,192.62
468,Focused dedicated methodology,Clothing,599.72,412.1
469,Cloned regional monitoring,Beauty,898.07,564.07
470,Multi-tiered heuristic middleware,Clothing,372.34,282.35
471,Intuitive asynchronous adapter,Clothing,281.89,205.34
472,De-engineered tertiary standardization,Clothing,550.4,316.66
473,User-friendly asymmetric superstructure,Books,729.47,488.51
474,Horizontal impactful Graphic Interface,Beauty,212.42,159.87
475,Fundamental national benchmark,Sports,537.56,234.37
476,Re-contextualized zero administration secured line,Clothing,567.75,295.24
477,Expanded context-sensitive workforce,Books,288.84,209.9
478,Down-sized 3rdgeneration utilization,Beauty,763.74,350.52
479,Object-based asymmetric help-desk,Beauty,697.28,455.67
480,Down-sized systemic functionalities,Home,230.07,179.2
481,Assimilated attitude-oriented policy,Books,348.88,238.23
482,Configurable leadingedge matrices,Sports,591.79,349.18
483,Robust multimedia structure,Home,231.7,96.6
484,Organic non-volatile functionalities,Electronics,21.09,15.47
485,Ameliorated exuding Local Area Network,Beauty,315.7,153.31
486,Sharable tangible alliance,Books,438.52,271.62
487,Advanced impactful contingency,Beauty,124.89,52.51
488,Devolved fresh-thinking analyzer,Books,954.72,652.45
489,Compatible local methodology,Sports,77.25,45.26
490,Managed reciprocal archive,Electronics,952.06,677.72
491,Persistent systemic forecast,Sports,606.08,397.57
492,Quality-focused secondary parallelism,Electronics,774.43,489.15
493,Automated radical conglomeration,Sports,239.58,97.66
494,Exclusive non-volatile toolset,Clothing,709.8,409.58
495,Face-to-face incremental adapter,Beauty,123.49,52.77
496,Total fault-tolerant project,Electronics,828.13,377.72
497,Grass-roots mobile adapter,Sports,887.7,475.75
498,Persistent uniform system engine,Home,507.87,266.66
499,Self-enabling 3rdgeneration instruction set,Clothing,186.45,104.67
500,Optional actuating superstructure,Books,404.56,223.81
